{
  "ban_bx_bx_wor": {
    "all": 0.11797591242017591,
    "dense": 0.09779245568424678
  },
  "ban_bx_ban_half": {
    "all": 0.9692285480498125,
    "dense": 0.4166944189533618
  },
  "ban_bx_bx_half": {
    "all": 0.30916625886160964,
    "dense": 0.29906494978018217
  },
  "ban_bx_ban_wor": {
    "all": 0.9253540729674489,
    "dense": 0.49318720847071623
  },
  "bx_wor_wor_half": {
    "all": 0.9648590344737134,
    "dense": 0.4347402521956208
  },
  "bx_wor_bx_half": {
    "all": 0.2321229121822462,
    "dense": 0.2501907637867794
  },
  "bx_wor_ban_wor": {
    "all": 0.962428437971519,
    "dense": 0.34688289085331453
  },
  "ban_half_wor_half": {
    "all": 0.2267156645443674,
    "dense": 0.15858054176492606
  },
  "ban_half_bx_half": {
    "all": 0.9941366518094655,
    "dense": 0.3135034753143698
  },
  "ban_half_ban_wor": {
    "all": 0.27230237236810617,
    "dense": 0.2683472492085976
  },
  "wor_half_bx_half": {
    "all": 0.9032553129479848,
    "dense": 0.43387546289493484
  },
  "wor_half_ban_wor": {
    "all": 0.2161290449421102,
    "dense": 0.18966550474568786
  }
}