{
  "dbp_viaf": 0.3312718472707717,
  "dbp_dnb": 0.49375866851595,
  "dbp_wiki": 0.348872838695557
}