{
  "dbp_viaf": {
    "f1": 0.33453709783322394,
    "elbow_threshold": 0.5021717723007
  },
  "dbp_dnb": {
    "f1": 0.4578313253012048,
    "elbow_threshold": 0.7278713851861224
  },
  "dbp_wiki": {
    "f1": 0.3514198106919077,
    "elbow_threshold": 0.4738340764422239
  }
}