{
  "dbp_viaf": {
    "logreg": 0.8250226654578422,
    "logregcv": 0.8334817453250223,
    "dectree": 0.9913860610806577,
    "randforest": 0.9882352941176472,
    "svm": 0.8213961922030824,
    "xgb": 0.9945098039215686
  },
  "dbp_wiki": {
    "logreg": 0.9666666666666667,
    "logregcv": 0.9682741116751269,
    "dectree": 0.9931292941911306,
    "randforest": 0.9943644333124608,
    "svm": 0.9679897567221509,
    "xgb": 0.9962453066332917
  },
  "dbp_dnb": {
    "logreg": 0.8172268907563025,
    "logregcv": 0.8317659352142112,
    "dectree": 0.9639468690702087,
    "randforest": 0.9731800766283524,
    "svm": 0.8151260504201682,
    "xgb": 0.9788867562380038
  }
}