{
  "bx_wor": {
    "logreg": 0.6860561741731759,
    "logregcv": 0.6881114243077432,
    "dectree": 0.7943448956107183,
    "randforest": 0.8182421227197346,
    "svm": 0.6776721694180424,
    "xgb": 0.855976485956891,
    "gpc": 0.8045568871134783
  },
  "bx_half": {
    "logreg": 0.7314578005115089,
    "logregcv": 0.7657430730478589,
    "dectree": 0.8659217877094972,
    "randforest": 0.8945868945868946,
    "svm": 0.7556675062972292,
    "xgb": 0.8938547486033519,
    "gpc": 0.8165374677002585
  },
  "ban_bx": {
    "logreg": 0.6550218340611353,
    "logregcv": 0.7027027027027026,
    "dectree": 0.7944572748267897,
    "randforest": 0.8139534883720929,
    "svm": 0.64,
    "xgb": 0.8719101123595505,
    "gpc": 0.8253968253968254
  },
  "wor_half": {
    "logreg": 0.796844181459566,
    "logregcv": 0.8023483365949119,
    "dectree": 0.8405797101449276,
    "randforest": 0.8642533936651583,
    "svm": 0.8007699711260828,
    "xgb": 0.896328293736501,
    "gpc": 0.8155339805825244
  },
  "ban_wor": {
    "logreg": 0.6821705426356589,
    "logregcv": 0.7076461769115442,
    "dectree": 0.7882534775888717,
    "randforest": 0.8301886792452831,
    "svm": 0.708898944193062,
    "xgb": 0.845679012345679,
    "gpc": 0.704791344667697
  },
  "ban_half": {
    "logreg": 0.8892355694227768,
    "logregcv": 0.9144736842105263,
    "dectree": 0.9452054794520548,
    "randforest": 0.9690721649484535,
    "svm": 0.896875,
    "xgb": 0.9600000000000001,
    "gpc": 0.8896103896103896
  }
}