{
  "ban_half": {
    "f1": 0.76103500761035,
    "elbow_threshold": 0.6682837355868162
  },
  "ban_bx": {
    "f1": 0.6562500000000001,
    "elbow_threshold": 0.4376435330275355
  },
  "ban_wor": {
    "f1": 0.679162072767365,
    "elbow_threshold": 0.5657285555290663
  },
  "bx_wor": {
    "f1": 0.7031833999226704,
    "elbow_threshold": 0.4912616771994264
  },
  "bx_half": {
    "f1": 0.6876404494382022,
    "elbow_threshold": 0.6526352338874681
  },
  "wor_half": {
    "f1": 0.6985413290113451,
    "elbow_threshold": 0.5405082957244394
  }
}