{
  "ban_half": 0.76103500761035,
  "ban_bx": 0.6562500000000001,
  "ban_wor": 0.679162072767365,
  "bx_wor": 0.7031833999226704,
  "bx_half": 0.6876404494382022,
  "wor_half": 0.6985413290113451
}