{
  "katom_cdi": 0.6478873239436619,
  "rewo_cdi": 0.6522252855454904,
  "katom_rewo": 0.19626926196269262
}