{
  "katom_cdi": {
    "logreg": 0.8149882903981265,
    "logregcv": 0.8750000000000001,
    "dectree": 0.8480725623582767,
    "randforest": 0.9038031319910514,
    "svm": 0.8532731376975168,
    "xgb": 0.9166666666666667,
    "gpc": 0.8653421633554085
  },
  "rewo_cdi": {
    "logreg": 0.7268436578171091,
    "logregcv": 0.7288732394366197,
    "dectree": 0.7857553130384837,
    "randforest": 0.822093023255814,
    "svm": 0.7269503546099291,
    "xgb": 0.8508224617129894,
    "gpc": 0.7540394973070018
  },
  "katom_rewo": {
    "logreg": 0.7473784556720686,
    "logregcv": 0.7476007677543186,
    "dectree": 0.7676289635589209,
    "randforest": 0.8096618357487924,
    "svm": 0.743158905424868,
    "xgb": 0.8393442622950821,
    "gpc": 0.7644487615347255
  }
}