{
  "katom_cdi": {
    "f1": 0.6478873239436619,
    "elbow_threshold": 0.4860060292731933
  },
  "rewo_cdi": {
    "f1": 0.6522252855454904,
    "elbow_threshold": 0.26926388908539817
  },
  "katom_rewo": {
    "f1": 0.19626926196269262,
    "elbow_threshold": 0.6638023161874179
  }
}